"CLI_NUM";"CLI_INTITULE";"CLI_SIRET";"CLI_IDENTIFIANT"
"AUTONERON";"AUTO NERON SARL";49500540700012;"FR68495005407  "
"PSP";"PSP TRANSPORTS";49299685500044;"FR52492996855  "
"SORETAL";"SORETAL";33818407000021;"FR25338184070"
"LANDALLY";"GARAGE LANDALLY";34771496600020;"FR23347714966  "
"BULOT";"GARAGE BULOT";49042142700017;"FR12490421427  "
"ACAR01";"ACARR";50124230900018;"FR56501242309  "
"ARCE01";"GARAGE ARC EN CIEL";39401654700017;"FR87394016547  "
"PLAI01";"PLAIDEUR";43429673700019;"FR94434296737  "
"TROU01";"GGE TROUDART";35208965000035;"FR72352089650  "
"GGEI01";"GGE IGNAM";49828485000019;"FR75498284850  "
"GGEM01";"GGE MODERNE";39867628800028;"FR58398676288  "
"BAST01";"GARAGE BASTE SARL";82146251200012;"FR19821462512  "
"DIND01";"DINDAR AUTOS SA";31087938200151;"FR36310879382  "
"TIDAS";"GGE TIDAS";35201017700017;"FR79352010177  "
"PRIN01";"PRINCE COLOR";48916422800012;"FR66489164228  "
"MULT01";"MULTI SERVICE AUTO";51311322500017;"FR30513113225  "
"UNIV01";"GGE UNIVERSEL";33272455800017;"FR36332724558  "
"TREB01";"TREBEAU GGE ";32628464300011;"FR72326284643  "
"MARS01";"MARSY";47996743200010;"FR67479967432  "
"COCO01";"COCOTTE";34809212300028;"FR86348092123  "
"TOPC01";"TOPCAR SOCAR";51999928800029;"FR32519999288  "
"BELA01";"BEL'AUTO";35228492100017;"FR05352284921  "
"SAFAR";"SAFAR";50969526800011;"FR29509695268  "
"TROPICAUT";"TROPIC AUTO";33482936300038;"FR42334829363  "
"CEB";"CEB ";37805021500045;"FR79378050215  "
"ZOROBABEL";"ZOROBABEL GARAGE";42245907300017;"FR63422459073 "
"CONFIAC";"CONFIAC";81126027200018;"FR00811260272  "
"RIVIERA";"STé NOUVELLE   RIVIERA AUTO";81015979800018;"FR70810159798  "
"TOPAUTO";"TOPAUTO MARTINIQUE";49056092700017;"FR54490560927  "
"LOCAUTO";"LOCAUTO";34105583800021;"FR80341055838  "
"THEG01";"THEGAT GARAGE";32565404400024;"FR66325654044  "
"RIBAC";"GARAGE RIBAC";38947087300016;"FR04389470873  "
"THEODORE";"THEODORE GARAGE";32948665800050;"FR13329486658  "
"TEKNIPRO";"TEKNIPRO CARAIBES";53343137500013;"FR68533431375  "
"AUTOCONCEPTDEVELO";"AUTO CONCEPT DEVELOPPEMENT";43392661500017;"FR87433926615  "
"INDUSTRIE";"INDUSTRIE GARAGE";39758421000017;"FR96397584210  "
"JAKAUTO";"JAKAUTO";48050132900019;"FR94480501329  "
"GENSOLIN";"GENSOLIN AUTO ( GARAGE )";42282583600014;"FR81422825836  "
"CBM";"CBM";41205207800018;"FR80412052078  "
"NORDATLANTIC";"NORD ATLANTIC AUTO SARL";47796521400018;"FR41477965214  "
"EXPRESSAUTO";"EXPRESS AUTO";41829857600012;"FR47418298576  "
"GTR";"GTR TOLERIE PEINTURE ";53379003600016;"FR30533790036  "
"REUNIONPIECEDETAC";"REUNION PIECES DETACHEES";75254226600016;"FR19752542266  "
"AEICFORWARDING";"AEIC FORWARDING";52324054700019;"FR44523240547  "
"SOGELEC";"SOGELEC";34749872700044;"FR42347498727  "
"ANSEAUTOSERVICES";"ANSE AUTO SERVICES";52793623100010;"FR77527936231"
"AUTOLIEBE";"AUTOLIEBE";79221086600028;"FR11792210866  "
"MINATCHY";"MINATCHY SAINT DENIS";40845345400014;"FR17408453454  "
"SAINTEROSE";"GARAGE SAINTE ROSE";38125045500015;"FR30381250455 "
"KARAUTO";"KARAUTO";53909733700015;"FR62539097337  "
"MUTLIMARQUEAUTO";"MULTI MARQUE AUTO";43249682600012;"FR60432496826  "
"SOLICAR";"SOLICAR";44950937100018;"FR78449509371  "
"COTRADEMCLT";"COTRADEM";48201133500023;"FR18482011335  "
"KNX";"KNX";52461741200019;"FR88524617412  "
"TMAUTO";"TM AUTO SERVICES";53902345700028;"FR67539023457  "
"LUBCARAIBE";"LUB' CARAIBE";42371585300010;"FR13423715853 "
"MINATCHYSTPIERRE";"MINATCHY ST PIERRE";52112207700022;"FR74521122077  "
"MINATCHYSTPAUL";"MINATCHY SAINT PAUL";43386084800012;"FR84433860848  "
"REUNIONMOTEUR";"REUNION MOTEUR";35125260600022;"FR76351252606  "
"AUTOEQUIP";"AUTO EQUIP IDEAL CONCEPT";52219082600068;"FR83522190826  "
"TOPL";"GARAGE AU TOP L";52807529400017;"FR69528075294  "
"CALIFORNIA";"GGE CALIFORNIA";51481553900010;"FR19514815539  "
"STEAHMSAK";"AHMSAK";75058660400027;"FR78750586604  "
"SXMMONSTER";"SXM MONSTER GARAGE";49291970900013;"FR56492919709"
"GRAVA";"GARAGE GRAVA";88389352100012;"FR14883893521  "
"FLASHCAR";"FLASH CAR MARTINIQUE";45198302700025;"FR61451983027  "
"HERTZ";"HERTZ SALVA";42116042500185;"FR27421160425  "
"AUTOMOBILEPLUS";"AUTOMOBILE PLUS";39928021300022;"FR67399280213  "
"JOELTECHNIC";"JOEL TECHNIC AUTO S.A.R.L.";40188680900037;"FR06401886809  "
"LCA";"L.C.A";79810909600015;"FR58798109096  "
"VIRAPATRIN";"GARAGE VIRAPATRIN / PROCAR";80738679200012;"FR63807386792  "
"MUSEE";"GARAGE DU MUSEE";41344878800021;"FR04413448788  "
"DALLEAU";"CARROSSERIE DALLEAU";48257188200018;"FR67482571882  "
"AUTOTECHSERVICE";"AUTO TECH SERVICE";48378407000011;"FR04483784070 "
"CARROSSERIE2000";"CARROSSERIE 2000";53113558000011;"FR71531135580  "
"BERNIAC";"BERNIAC";45305532900016;"FR59453055329  "
"AHLIME";"GARAGE AH LIME";31086505000010;"FR11310865050  "
"PICHON";"GARAGE PICHON";79807966100012;"FR23798079661  "
"PETITEILE";"GARAGE DE LA PETITE ILE";33246923800023;"FR85332469238  "
"7LOCATION";"7 LOCATION";80264229800029;"FR70802642298  "
"MARTOTO";"MART'OTO";44338572900027;"FR79443385729  "
"AUTOLOCATIONGUYAN";"AUTO LOCATION GUYANE";44853671400026;"FR61448536714  "
"MECASERVICES";"MECA SERVICES";38312578800034;"FR29383125788  "
"SAPAT";"SAPAT";38142108000015;"FR36381421080  "
"PROCARSARL";"PROCAR SARL";43037995800027;"FR46430379958  "
"OMANEX";"OMANEX";37916797600016;"FR72379167976  "
"MECAIMPORT";"MECA IMPORT";79861036600014;"FR77798610366 "
"PROCARPLUS";"PROCAR +";79215471800011;"FR56792154718  "
"SUBLIMAUTO";"SUBLIM'AUTO";79249323100015;"FR05792493231  "
"CARROSSERIEJRC";"CARROSSERIE JRC";48071845100010;"FR08480718451  "
"SUMET";"GARAGE SUMET";31845403000020;"FR81318454030  "
"GGEDABADIE";"GGE D'ABADIE DE LURBE";34840339500018;"FR83348403395  "
"FLASHAUTO971";"FLASH AUTO 971";32481634700011;"FR51324816347  "
"BILLPEINTCAR";"BILL PEINT CAR AUTOS";43379976400017;"FR65433799764  "
"IDGUYANECLT";"IDGUYANECLT";43830185500021;"FR58438301855  "
"PRESTIGEAUTO";"PRESTIGE AUTO";50198837200014;"FR67501988372  "
"PRORENT";"PRO-RENT Guadeloupe";38395123300014;"FR51383951233  "
"JMCARROSSERIE";"JM CARROSSERIE";75101490300031;"FR16751014903  "
"LOUISONGGE";"GARAGE LOUISON";79264788500013;"FR16792647885  "
"CLINICAUTO";"CLINIC AUTO";43224246900018;"FR88432242469  "
"KARIBELECTRO";"KARIB ELECTRO SERVICE";51423514200023;"FR75514235142  "
"CARIBAUTONEW";"CARIB AUTO NEW";52073290000011;"FR35520732900  "
"SACI";"SACI GUADELOUPE";32896066100028;"FR18328960661  "
"NCDREUNION";"NOUVELLE CARROSSERIE DIONYSIENNE";38128183100010;"FR68381281831  "
"TOPAUTOCOMPETITIO";"TOP AUTO COMPETITION";51136934000035;"FR70511369340  "
"WLC";"WLC CARROSSERIE";82078969100012;"FR29820789691  "
"MINATCHYSOWEST";"MINATCHY SO-WEST";43386084800012;"FR84433860848  "
"IMAUTO";"IM AUTO";79031283900018;"FR24790312839  "
"LAMALLE";"GARAGE LAMALLE";44781494800017;"FR94447814948 "
"CODIMA";"CODIMA GUADELOUPE";33934567000071;"FR03339345670  "
"AUTOEXPERTGUYANE";"AUTO EXPERT GUYANE";52239501100029;"FR83522395011  "
"CAROUTUNING";"CAROU TUNING CONCEPT";49458144000018;"FR31494581440  "
"MECANOTO";"MECANOTO";44081900100015;"FR46440819001 "
"GERCINGARAGE";"GERCIN GARAGE ";44406863900038;"FR72444068639  "
"STARAUTO";"STARAUTO";39046737100014;"FR55390467371  "
"IMPORTRACING";"IMPORT RACING";51807347300010;"FR04518073473  "
"IMPORTAUTO";"IMPORTAUTO.RE";78960463400012;"FR00789604634  "
"MONGIS";"MONGIS GARAGE";81279080600010;"FR10812790806  "
"SACIMARTINIQUE";"SACI MARTINIQUE";32896066100028;"FR18328960661  "
"JOFROID";"SAS JO-FROID";52955810800021;"FR91529558108  "
"YANNSAMBULANCES";"YANN'S AMBULANCES";78949993600019;"FR89789499936  "
"AMBULANCESSOUPRAY";"AMBULANCES SOUPRAYENMESTRY";52367031300015;"FR18523670313  "
"YANNSTAXIS";"YANN'S TAXIS";53416652500012;"FR29534166525  "
"PBAUTO";"P.B. AUTO";41130385200023;"FR79411303852  "
"MASCAREIGNES";"MASCAREIGNES IMPORT";47776349400028;"FR64477763494  "
"AFVA";"A.F.V.A.";51475486000013;"FR51514754860  "
"CGFF";"CGFF MARTINIQUE";45043639900049;"FR75450436399  "
"CGFFGUY";"CGFF GUYANE            ";42116088800044;"FR58421160888  "
"NEGRE";"GARAGE PIERRE NEGRE";44790282600018;"FR82447902826  "
"AUTOSERVICEPRO";"AUTO SERVICE PRO";"802351619 00019";"FR63802351619  "
"SACIGUY";"SACI GUYANE";32896066100028;"FR18328960661  "
"EFFICACEAUTO";"EFFICACE AUTO";48017949800021;"FR42480179498  "
"MJCAUTO";"MJC AUTO";48873082100029;"FR33488730821  "
"PVIP";"PIECES VEHICULES IMPORT PRESTATIONS";81457746600018;"FR61814577466  "
"QUARTIER";"GARAGE DU QUARTIER";38441970100014;"FR22384419701  "
"CARGOTECH";"CARGOTECH";39909979500045;"FR73399099795  "
"SMCI";"SMCI- GROUPE CAILLE";2406619300012;"FR36024066193  "
"ALG";"AUTO LOISIRS GUYANE";31957058600028;"FR48319570586  "
"NCG";"NOUVELLE CARROSSERIE GUADELOUPEENE";41797058900012;"FR54417970589  "
"NATEXPRESSREUNION";"NAT EXPRESS REUNION";43495451700083;"FR66434954517  "
"MCGAUTOMOBILE";"MCG AUTOMOBILE";50124206900026;"FR15501242069 "
"MONTAUBANAUTO";"MONTAUBAN AUTO";43392803300011;"FR73433928033  "
"SALVA";"SALVA ";42116042500185;"FR27421160425  "
"TCSERVICES";"TC SERVICES";32508875500047;"FR50325088755  "
"GARCIALOCATION";"GARCIA LOCATION";48087137500014;"FR67480871375  "
"EXCELLAUTO";"EXCELLAUTO PETITE ILE";49422359700019;"FR01494223597  "
"EXCELLAUTOSP";"EXCELLAUTO SAINT PIERRE";81458891900013;"FR82814588919  "
"STIR";"S.T.I.R.";48087137500014;"FR67480871375  "
"TEAMFANOSPORTCLUB";"TEAM FANO SPORT CLUB";51317892100013;"FR14513178921  "
"ANTILLESCLIM";"ANTILLE CLIM";45196311000023;"FR62451963110  "
"SAURAYE";"SAURAYE DEVELOPPEMENT";81378890800016;"FR23813788908"
"SACIREUNION";"SACI REUNION";32896066100150;"FR18328960661  "
"ADVGARAGE";"ADV GARAGE";40971167800014;"FR31409711678 "
"MINATCHYGROUPE";"GROUPE MINATCHY";80260178100015;"FR60802601781  "
"PLATINIUMCARS";"PLATINIUM CARS ANTILLES";52757940300017;"FR85527579403  "
"EDR";"ELECTRO DIESEL REUNION";31086330300031;"FR08310863303  "
"SOTOGUAD";"SOTOGUAD";50357591200012;"FR84503575912  "
"LILOUASSISTANCE";"LILOU ASSISTANCE";52885878000026;"FR23528858780  "
"SPEEDCARROSSERIE";"SPEED CARROSSERIE";52922323200024;"FR92529223232  "
"PINEAUMECA";"PINEAU MECA SARL";44120580400020;"FR44441205804  "
"CWBPAUTO";"C.W.B.P AUTO";78899131300016;"FR30788991313  "
"IPA";"International Pièce Auto (IPA)";43917018400022;"FR13439170184  "
"SMPL";"SOCIETE MAINTENANCE POIDS LOURDS";79489456800011;"FR20794894568  "
"CHARLYAUTO";"GARAGE CHARLY AUTO";82182678100014;"FR24821826781  "
"CENTREAUTOWARNING";"CENTRE AUTO WARNING";79268038100011;"FR19792680381  "
"CENTERCARCAMBAIE";"CENTER CAR CAMBAIE";81298098500012;"FR90812980985  "
"VINCECARROSSERIE";"VINCECARROSSERIE";38765388400016;"FR49387653884  "
"PROVIDENTIEL";"GARAGE PROVIDENTIEL";35010788400016;"FR01350107884  "
"STARTOP";"STARTOP";82378416000017;"FR72823784160  "
"FRANCHINARD";"GARAGE FRANCHINARD";81865331300010;"FR73818653313  "
"FASTLOCATION";"FAST LOCATION";53474797700039;"FR34534747977  "
"DSLRACING";"GARAGE DSL RACING";82338825100014;"FR13823388251  "
"ROCADEEXPRESSAUTO";"ROCADE EXPRESS AUTO";44917215400014;"FR40449172154  "
"SNGARAGETECKNIFA";"SN GARAGE TECKFINA";53413644500010;"FR96534136445  "
"QUICKAUTO";"QUICK AUTO";51981679700012;"FR27519816797  "
"CLERYLOCATIONS";"CLERY LOCATIONS";81132091000011;"FR39811320910  "
"CENTREENTRETIENAU";"CENTRE D' ENTRETIEN AUTO'S";80308135500023;"FR78803081355  "
"JCS";"JRT CENTRE SERVICE";82537483800019;"FR94825374838  "
"STMARTINCARS";"ST MARTIN CARS";42269123800014;"FR01422691238 "
"APA";"ASIA PIECES AUTO";80264308000012;"FR88802643080  "
"EDOUARDBONHEUR";"EDOUARD BONHEUR";51381935900011;"FR49513819359  "
"POUIDI";"GARAGE POUI DI";53979116000010;"FR08539791160  "
"DMICY";"DMICY";48255632100024;"FR41482556321  "
"GSA";"GUADELOUPE SERVICES AUTOMOBILES";30715820400023;"FR38307158204  "
"SACISXM";"SACI SAINT MARTIN";32896066100028;"FR18328960661  "
"HDJPNEUS";"HDJ PNEUS";75270218300019;"FR08752702183  "
"RAPIDPAREBRISE";"RUN PARE BRISE";82280657600010;"FR18822806576  "
"AOSERVICE";"GARAGE OLTRA AO SERVICE";48218234200022;"FR06482182342  "
"CENTREAUTOSPORT";"CENTRE AUTO SPORT SAINT-DENIS";81365536200016;"FR92813655362  "
"MONDIALPAREBRISE";"MONDIAL PARE BRISE GUYANE";51341950700019;"FR92513419507  "
"BICHET";"BICHET DISTRIBUTION";80772056000018;"FR36807720560  "
"2RPIECESAUTOS";"2R PIECES AUTOS";52789457000011;"FR30527894570  "
"LABOAUTO";"LABO AUTO";44913175400011;"FR90449131754 "
"CHECKAUTO";"CHECK AUTO";75116168800013;"FR88751161688  "
"SACAFF";"SACAFF";32045993600037;"FR16320459936  "
"AUTORENOV";"AUTO RENOV'";51482207100015;"FR21514822071  "
"CLIMCAR";"CLIMCAR";82816277600011;"FR83828162776  "
"SIXT";"SIXT / FIRST LOCATION PTP";47785660300022;"FR31477856603  "
"SERVICEAUTOPRO";"SERVICE AUTO PRO";44811059300010;"FR61448110593  "
"AUTOPREMIUMSERVIC";"AUTO PREMIUM SERVICES";80409642800011;"FR79804096428  "
"MLAUTOMOBILES";"ML AUTOMOBILES";80456803800017;"FR67804568038  "
"ATLANTISLOCATION";"ATLANTIS LOCATION ";50150284300029;"FR32501502843  "
"NPSREUNION";"NPS REUNION";42913006500080;"FR96429130065  "
"NPSGUYANE";"NPS GUYANE";44762303400017;"FR47447623034  "
"GANAPATILOCATION";"GANAPATI LOCATION DE VOITURES";75166566200019;"FR71751665662  "
"FREDERICGARAGE";"GARAGE FREDERIC";52043550400029;"FR53520435504  "
"AGA";"ATELIER GARAGE AYASSAMY";82854581400018;"FR38828545814  "
"TOUTALOUER";"TOUTALOUER";48103214200020;"FR84481032142  "
"GEQUIP";"GEQUIP";38143419000025;"FR81381434190  "
"REUNITRUCKS";"REUNI TRUCKS";81765213400013;"FR44817652134  "
"FREGATEAUTO";"FREGATE AUTO";81825839400019;"FR74818258394  "
"MIDASMARTINIQUE";"ECHAPPEMENT ANTILLES SARL MIDAS ";33272396400018;"FR00332723964  "
"PLAISIRAUTOS";"PLAISIR AUTOS";51498124000019;"FR94514981240  "
"BULIARDSN";"GARAGE BULIARD SN";81811931500013;"FR34818119315 "
"TPAUTO";"GARAGE TOLERIE PEINTURE DU SUD";48983594200017;"FR33489835942  "
"ATELIERTERREROUGE";"ATELIER TERRE ROUGE";51975336200010;"FR36519753362  "
"KERN";"CARROSSERIE KERN";41069941700011;"FR92410699417  "
"SOFTLOCATION";"SOFT LOCATION";51330619100018;"FR32513306191  "
"CHROMATIC";"CHROMATIC";79388744900049;"FR19793887449  "
"PGF";"SARL PGF DUCATI FWI";48007903700036;"FR38480079037  "
"JLPAREBRISE";"JL PARE BRISE";84336311000019;"FR27843363110  "
"AUTOBAM";"AUTOBAM";53835934000022;"FR96538359340  "
"FRANCKGGE";"GARAGE FRANCK";47993854000016;"FR12479938540  "
"SOUALIGAAUTOPARTS";"SOUALIGA AUTO PARTS";84396858700017;"FR36843968587  "
"SAINTAMANDCLT";"SAS SAINT AMAND";62204415400053;"FR11622044154  "
"PATUROT";"GARAGE PATUROT";31908342400022;"FR61319083424  "
"AUTOEXPO";"SARL AUTO-EXPO";43986592400013;"FR84439865924  "
"RIVIEREDANYCLAUDE";"RIVIERE DANY CLAUDE";35377222100019;"FR02353772221  "
"CAYENNEAUTO";"CAYENNE AUTOMOBILE";49831649600021;"FR50498316496  "
"DUCOSAUTO";"DUCOS AUTO ENVIRONNEMENT";49858647800014;"FR46498586478  "
"FENUASERVICES";"FENUA SERVICES IMPORT";20003426200028;"FR76200034262 "
"JOHNNYMOTORS";"JOHNNY MOTORS";82537372300022;"FR47825373723  "
"SGYP";"SARL GARAGE YUSSUF PAUL";79845850100011;"FR91798458501  "
"INTERCARISLAND";"INTER CAR ISLAND";85011770600018;"FR30850117706  "
"PAVIUS";"GARAGE PAVIUS";35209195300013;"FR94352091953  "
"GILLESCARROSSERIE";"GILLES CARROSSERIE PEINTURE";53390622800010;"FR85533906228  "
"SOSPIECESAUTO";"SOS PIECES AUTO ABYMES";80497285900016;"FR90804972859  "
"SIXTANTILLESAUTO";"SIXT ANTILLES LOCATION FDF";79249309000023;"FR67792493090  "
"RAPIDOTO";"RAPIDOTO";80866682000028;"FR14808666820  "
"TOPLOC";"TOPLOC";80858372800015;"FR28808583728  "
"BLAJERLOCATION";"BLAJER LOCATION / CAR-GO";82415548500017;"FR02824155485  "
"PROFILAUTO";"PROFIL'AUTO";85042115700023;"FR38850421157  "
"CARCENTRE";"CAR CENTRE";2404706000017;"FR61024047060  "
"BMAPEINTURE";"BMA PEINTURE";88372683800013;"FR00883726838  "
"FORMULA";"FORMULA";44191350600024;"FR14441913506  "
"ELECTROCONCEPTCAR";"ELECTRO CONCEPT CAR";83962048100011;"FR84839620481  "
"REPAREMONLAUTO";"REPARE MON L'AUTO";84921017400017;"FR30849210174  "
"FRESHBLACKCARS";"FRESH BLACK CARS";85269756400015;"FR71852697564  "
"LASSONNIER";"GARAGE LASSONNIER";4430910120015;"FR83443091012  "
"CADENCEPLUSAUTO";"CADENCE PLUS AUTO";82315061000017;"FR40823150610  "
"MORNET";"GARAGE MORNET";48057568700011;"FR68480575687  "
"FAZER";"ATELIER FAZER";32272888200026;"FR73322728882  "
"AUTOFACILE";"AUTO FACILE";82037590500016;"FR77820375905  "
"SALLEDASILE";"SALLE D'ASILE CARROSSERIE";50294629600014;"FR20502946296 "
"GGEMONTGODIN";"GARAGE MONTGODIN BELLEVUE 2";33882995500016;"FR08338829955  "
"AMAZONEAUTO";"AMAZONE AUTO";88234117500017;"FR43882341175 "
"CLUNYCARO";"CLUNY CARO";81111944500013;"FR51811119445  "
"AUTOKARTSERVICE";"AUTO KART SERVICE";48755566600014;"FR33487555666  "
"ASPAINTCAR";"AS PAINT CAR";87749902000015;"FR07877499020  "
"TPAS";"TSARA PIECES AUTO ET SERVICES";82186048300014;"FR56821860483 "
"CMT";"CMT SERVICE PIECE";88481873300013;"FR92884818733  "
"RUNAUTORACING";"RUN AUTO RACING";82896919600017;"FR66828969196  "
"PERPONT";"SP SERVICES & FILS";51220695400046;"FR30512206954  "
"TARPAU";"GARAGE TARPAU";82787705100017;"FR00827877051  "
"JULELECAUTO";"JUL' ELEC AUTO";82021265200011;"FR71820212652  "
"TMJ";"GARAGE TMJ";83509560500019;"FR24835095605  "
"INAMOFAMILY";"INAMO FAMILY";84925438800010;"FR73849254388  "
"AUTO110";"AUTO 110";52481851500032;"FR57524818515  "
"RAPIDOTOPTP";"RAPIDOTO GUADELOUPE";80866682000028;"FR14808666820  "
"RACECAR";"RACE CAR MOTORSPORT";88986000300017;"FR50889860003  "
"FLASHAUTO973";"FLASH AUTO GUYANE";43044966000017;"FR20430449660  "
"CARFACTORY";"CAR FACTORY";88350814500017;"FR29883508145  "
"MADARUNPIECESAUTO";"MADARUN PIECES AUTOS";89099846100010;"FR54890998461  "
"VACAUTO";"VACauto";84945501900026;"FR81849455019  "
"AUTOMECA";"AUTOMECA";35246602300012;"FR14352466023  "
"TMR";"SARL T.M.R.";81201735800019;"FR03812017358  "
"NARSY";"GARAGE NARSY";43144542800011;"FR15431445428  "
"IDFAUTOS";"IDF AUTOS AUTOWAYS SERVICE";38831521000020;"FR86388315210  "
"PINGRET";"GARAGE PINGRET";38792169500012;"FR31387921695  "
"CEDEVO";"GARAGE CED EVO";52940670400013;"FR33529406704  "
"WAYCAR";"WAY'CAR / OUIGLASS";85129373800015;"FR42851293738  "
"SGLV";"SOCIETE GUADELOUPEENNE DE LOCATION DE VEHICULES";53887656600018;"FR65538876566  "
"AUTOSMOTOSEXPRESS";"CARROSSERIE AUTOS MOTOS EXPRESS";50046723800019;"FR30500467238  "
"JEANMAFOUTA";"GARAGE JEAN MAFOUTA";39306838200034;"FR20393068382  "
"TESCHERFRERESSARL";"GARAGE TESCHER FRERES SARL";53249243600011;"FR34532492436  "
"MVA";"GARAGE MVA";84941632600015;"FR14849416326  "
"SARLTMR";"SARL TMR";81201735800019;"FR03812017358  "
"AVRILASSISTANCE";"AVRIL ASSISTANCE";84326112400013;"FR07843261124  "
"FREDO";"GARAGE FREDO";48206216300035;"FR18482062163  "
"CLUMMERAELECT";"CLIMMECA ELECT";81897295200019;"FR48818972952  "
"MOINACHECHRISTOPH";"GARAGE MOINACHE CHRISTOPHE";31775317600021;"FR91317753176  "
"FIVESTARSTEMARIE";"GARAGE FIVE STAR SAINTE MARIE";82203415300012;"FR79822034153  "
"PASCAL";"GARAGE PASCAL";42109768400037;"FR81421097684  "
"BFR";"GARAGE BFR";83989946500018;"FR23839899465  "
"RM";"Garage R.M";50919322300013;"FR13509193223 "
"AMP";"A.M.P";44966434100012;"FR67449664341  "
"NATCHAN";"GARAGE NATCHAN";45157779500011;"FR66451577795  "
"JMAUTO";"JM AUTO";80742105200018;"FR23807421052  "
"EVOLUTION";"GARAGE EVOLUTION";48503957200055;"FR00485039572  "
"ANELARD";"SARL ANELARD";50101555600019;"FR58501015556  "
"ANELARDCARROSSERI";"SAS ANELARD CARROSSERIE";81075323600019;"FR46810753236  "
"COMPAGNIEDELAJEUN";"GARAGE COMPAGNIE DE LA JEUNESSE";50129903600019;"FR02501299036  "
"JOSPORT";"GARAGE JO SPORT";49899068800018;"FR79498990688  "
"DGAUTOMOBILE";"D&G AUTOMOBILE";82855857700015;"FR12828558577  "
"SOLINESERVICE";"Saline Service Rapide";84095232900018;"FR04840952329  "
"EURLSUD";"EURL SUD CARROSSERIE";52291231000011;"FR77522912310  "
"CASSEDELASOURCE";"SARL CASSE DE LA SOURCE";39810819100030;"FR57398108191  "
"GTSAUTOMOBILE";"GTS AUTOMOBILE";80055663100011;"FR54800556631  "
"RAFMAUTO";"RAFH AUTO";84071382000016;"FR46840713820  "
"ELLAMA";"GARAGE ELLAMA";84811951700011;"FR63848119517  "
"FLAMBOYANT";"GARAGE DES FLAMBOYANT";34422840800029;"FR53344228408  "
"MERLOSERVICE";"MERLO SERVICE AUTO";51228413400016;"FR31512284134  "
"AHLING";"GARAGE AH-LING";43898604400024;"FR08438986044  "
"SASUMECA";"SASU MECA RACING SERVICES";82025297100016;"FR69820252971  "
"FIVESTAR";"FIVE STAR";79950773600012;"FR49799507736  "
"CARBON";"CARBON GARAGE";80293543700011;"FR85802935437  "
"ZAMU";"SAS ZAMU";87813117600017;"FR28878131176  "
"LAPETITEILE";"GARAGE DE LA PETITE ILE ";33246923800023;"FR85332469238  "
"SPPM";"SARL SPPM";48119259900019;"FR44481192599  "
"HHG";"SARL HHG";49781013500010;"FR84497810135  "
"SUDEST";"GARAGE SUD EST";79843836200013;"FR08798438362  "
"EMS";"EMS PIECE AUTO";79439589700026;"FR38794395897  "
"REMPARTS";"Garage des Remparts";49281956000011;"FR18492819560  "
"SARLNURBEL";"SARAL NURBEL AUTOMOBILE";80315159600027;"FR20803151596  "
"SRPA";"SRPA GARAGE JULIE";49868258200024;"FR74498682582  "
"ULENTIN";"GARAGE ULENTIN";41030623700026;"FR72410306237 "
"SKS";"SKS GARAGE";84843965900014;"FR92848439659  "
"SAMCAW";"GARAGE SAM CAW FRERE & FILS";52428693700015;"FR03524286937  "
"RMTP";"GARAGE RMTP";50447849600012;"FR81504478496  "
"GRONDINFRED";"GARAGE GRONDIN FRED";33923591300011;"FR47339235913  "
"BUTCHLEJY";"GARAGE BUTCHLE JY";34949205800020;"FR82349492058  "
"DRCARROSSERIE";"D.R. CARROSSERIE";52344467700018;"FR73523444677  "
"SOSFILS";"GARAGE SOS FILS";53793083600029;"FR28537930836  "
"PLANETCARSYSTEM";"PLANET CAR SYSTEM";82759856600012;"FR06827598566  "
"SPAME";"GARAGE SPAME";53218311800019;"FR79532183118 "
"SDESIGN";"SDESIGN AUTOMOBILES";44096585300029;"FR28440965853  "
"ARAYAPIN";"GARAGE ARAYAPIN";43013824800017;"FR88430138248  "
"GRRCEIRL";"GARAGE G.R.R.C EIRL";53948006100016;"FR45539480061  "
"IMPACTPRESTACOM";"IMPACT PRESTACOM";49032001700026;"FR71490320017  "
"TOPCARMARTINIQUE";"TOP CAR MARTINIQUE";89135996000012;"FR91891359960  "
"SALINESERVICE";"SALINE SERVICE RAPIDE";84095232900018;"FR04840952329  "
"ACS";"ACS AUTO CLIMATISATION SERVICE";44411655200019;"FR57444116552  "
"DJCARROSSERIE";"DJ CARROSSERIE";45249013900048;"FR49452490139  "
"CENTREAUTOPLATEAU";"CENTRE AUTOMOBILE PLATEAU CAILLOU";75314897200015;"FR29753148972  "
"CENTREAUTOPC";"CENTRE AUTOMOBILE PLATEAU";75314897200015;"FR29753148972  "
"FBNEGOCE";"FBNEGOCE";43866788300047;"FR05438667883  "
"CESAR";"GARAGE CESAR";35076969100014;"FR26350769691  "
"CENTREAUTOSPORTOU";"CENTRE AUTO SPORT OUEST";89299201700020;"FR90892992017  "
"LLDSYSTEM";"LLD SYSTEM";44346780800020;"FR33443467808  "
"SNL";"SOCIETE NOUVELLE DE LOCATION";32526047900150;"FR55325260479  "
"MAGTRUCKSPIECES";"MAGTRUCKSPIECES";89345766300019;"FR34893457663  "
"WORKSMOTOR";"WORKS MOTOR";87812923800019;"FR34878129238  "
"SAFARBIS";"SAFAR BIS";50969526800011;"FR29509695268  "
"ADMLOCATION";"ADM LOCATION";80014452900024;"FR13800144529  "
"REVAUTO";"REVAUTO";48319206800011;"FR68483192068  "
"MECAWASS";"MECA WASS";82291348900016;"FR75822913489  "
"PAULAUTOCENTRE";"PAULAUTOCENTRE";79824270700015;"FR87798242707  "
"GPM";"GROUPE PIERRE MORANDAIS";52157743700010;"FR06521577437  "
"FIRSTOCCASIONSIXT";"FIRST OCCASION/SIXT PTP";85014625900013;"FR38850146259"
"SBTPC";"SBTPC";31085034200026;"FR22310850342  "
"EKOBOOST";"EKOBOOST";89039306900012;"FR09890393069 "
"MADIBA";"MADIBA";89197980900011;"FR51891979809 "
"LEALREUNION";"LEAL REUNION";79351979400044;"FR41793519794 "
"AJNAUTO";"AJN AUTO";50795025100011;"FR68507950251 "
"FLASHCOLOR";"FLASHCOLOR";84817833100015;"FR62848178331 "
"CAMILLEAUTO";"CAMILLE AUTO";87897139900018;"FR55878971399 "
"AMOLOTO";"AMOLOTO";82758544900016;"FR37827585449 "
"TRANSPORTRINO";"TRANSPORT RINO & FILS";40351368200027;"FR70403513682 "
"PARCAUTOREUNION";"PARC AUTOMOBILE REUNION";89451321700022;"FR34894513217 "
"PRODEPANN";"PRO DEPANN'";84134928500012;"FR03841349285 "
"GARDENDISTRIBUTIO";"GARDEN DISTRIBUTIONS";50788625700017;"FR49507886257 "
"BOURBONCONCEPTCAR";"BOURBON CONCEPT CAR";44927947000016;"FR45449279470 "
"FIRSTOCCASIONFDF";"FIRST OCCASION/SIXT FDF";85014625900013;"FR38850146259"
"CARVITSL";"CARVIT-SL";79065426300025;"FR73790654263 "
"BRUTDEFUT";"BRUT DE FUT";89739153800013;"FR57897391538  "
"PIECESAUTOCONCORD";"PIECES AUTO CONCORDES";81112469200021;"FR78811124692 "
"JPAUTOGUYANE";"JP AUTO GUYANE";83025863800014;"FR32830258638 "
"COLLINAUTOSERVICE";"COLLIN AUTO SERVICE";83158959300019;"FR86831589593"
"AUTORACINGGUYANE";"AUTO RACING GUYANE";48205444200017;"FR38482054442 "
"GPHAUTO";"GARAGE DE LA PLAINE HAUTE";79942950100015;"FR84799429501  "
"MOVINGSMART";"MOVING SMART";89277550300022;"FR60892775503 "
"SPSERVICESETFILS";"SP SERVICES ET FILS";51220695400046;"FR30512206954 "
"AUTOGESTIONGUADEL";"AUTO GESTION GUADELOUPE";89267176900016;"FR34892671769 "
"SODISPRA";"SODISPRA";82438028100025;"FR46824380281"
"AUTOPARTSSXM";"AUTO PARTS SXM NPS";84797527300016;"FR48847975273 "
"IBCCLT";"I.B.C. INTERNATIONAL BUSINESS COMPANY";45311189000043;"FR89453111890  "
"RED";"RED";75153408200027;"FR24751534082  "
"GARAGEDESSPORTS";"GARAGE DES SPORTS ( agent CITROEN )";53312320400018;"FR62533123204  "
"IBCRUN";"I.B.C. INTERNATIONAL BUSINESS COMPANY";45311189000043;"FR89453111890  "
"TADEUS";"GARAGE TADEUS";38877833400010;"FR30388778334"
"INJECTIONDIESELSE";"INJECTION DIESEL SERVICE";80302965100020;"FR69803029651  "
"LEBERNICA";"GARAGE LE BERNICA";37914953700019;"FR45379149537 "
"HPMOTO";"HP MOTO";48811500700020;"FR53488115007 "
"TSAUTOSPARE";"TS AUTO SPARE";52751545600012;"FR13527515456 "
"CARROSSERIEODILON";"CARROSSERIE ODILON";90311847900018;"FR46903118479  "
"MATICEAUTO";"MAT ICE AUTO";88416624000017;"FR73884166240 "
"AUTODMC";"AUTO DMC";51356774300010;"FR55513567743  "
"IKEMLOCATION";"IKEM LOCATION";88340007900017;"FR05883400079  "
"ALPHALOCATION";"ALPHA LOCATION BUDGET";50211814400018;"FR25502118144 "
"PHSERVICES";"PH SERVICES";81510432800027;"FR32815104328 "
"GILLESAUTOMOBILE";"GILLES AUTOMOBILE";82820426300010;"FR93828204263  "
"BERDA";"GARAGE BERDA";54009726800010;"FR33540097268 "
"BUTORPIECESAUTOS";"BUTOR PIECES AUTOS";39797200100028;"FR51397972001 "
"STARPIECESAUTO";"STAR PIECES AUTO";89093442500012;"FR06890934425 "
"JCM";"JCM";34797578100019;"FR66347975781  "
"3SAUTOMOBILES";"3S AUTOMOBILES";89175620700017;"FR00891756207"
"LEBIHAN";"GARAGE LEBIHAN";48166267400029;"FR83481662674 "
"CHANEYINMICKAEL";"GARAGE CHANE YIN MICKAEL";48344438600013;"FR34483444386 "
"SODRASARL";"SODRA SARL";34183681500017;"FR73341836815 "
"GARAGEDUCENTRE";"GARAGE DU CENTRE";37820783100033;"FR52378207831 "
"TELLIER";"GARAGE TELLIER";31667819200022;"FR01316678192 "
"PULEO";"GARAGE PULEO";32635721700024;"FR29326357217 "
"MOULIN";"GARAGE DU MOULIN";50986263700014;"FR64509862637"
"AUNETTE";"GARAGE DE L'AUNETTE";41277678300026;"FR37412776783"
"MSPORTRUN";"M SPORT RUN";84974576500016;"FR95849745765 "
"DIAGAUTOSERVICE";"DIAG AUTO SERVICE";49339256700027;"FR05493392567 "
"AM5";"AM5";51267855800028;"FR00512678558 "
"CARAL";"CAR AL";68202110000016;"FR20682021100"
"PRAD";"PRAD";44151360300015;"FR01441513603 "
"SIXTSTBARTHELEMY";"SIXT SAINT BARTHELEMY";41075307300049;"FR40410753073 "
"SHRENOVATIONS";"S&H RENOVATIONS";89185806000017;"FR09891858060"
"JEANJAURES";"GARAGE JEAN JAURES";84790992600010;"FR44847909926  "
"CHATEAU";"GARAGE DU CHATEAU";96820190500039;"FR91968201905 "
"JPOAUTOMOBILES";"JPO AUTOMOBILE";80896473800021;"FR10808964738 "
"MROCCAZ";"MR OCCAZ";82359804000017;"FR44823598040"
"STARTER";"PEUGEOT STARTER";34525978200026;"FR69345259782  "
"BONNEUILAUTOMOBIL";"BONNEUIL AUTOMOBILES";34417754800031;"FR54344177548 "
"GGEDELARCENCIEL";"GARAGE DE L'ARC EN CIEL";38026337600028;"FR09380263376 "
"VELP";"VELP";49419473100019;"FR24494194731 "
"STOPAUTOCENTER";"STOP AUTO CENTER";83189232800012;"FR80831892328 "
"MARAIS";"GARAGE DU MARAIS";35100201900013;"FR65351002019 "
"MMS";"GARAGE MMS";49973514000018;"FR10499735140 "
"TURQUOISE";"GARAGE TURQUOISE";78920746100011;"FR29789207461 "
"LACROIXAUTOTOP";"LACROIX AUTO TOP";81513017400015;"FR67815130174"
"COUPAMAAUTO";"GARAGE COUPAMA AUTOS";85208303900036;"FR78852083039  "
"PAYET";"GARAGE PAYET";79332566300011;"FR36793325663 "
"TOPMECADEVELOPPEM";"TOP MECA DEVELOPPEMENT";53787332500014;"FR58537873325"
"POINAMA";"GARAGE POINAMA";41539629000017;"FR06415396290 "
"SOMEX";"SOMEX";90302528600019;"FR21903025286 "
"REUNIONTECHNICAUT";"REUNION TECHNIC AUTOMOBILE SARL";43794351700015;"FR95437943517 "
"CEDCARROSSERIE";"CED CARROSSERIE";88977517700013;"FR03889775177 "
"AUTOMATISMSPLUS";"AUTOMATISM'PLUS SARL";52202455300011;"FR38522024553"
"NISSANMOLITORCLT";"NISSAN MOLITOR CLIENT";39027270600024;"FR00390272706"
"LIMEILAUTOMOBILES";"CARROSSERIE LIMEIL AUTOMOBILES";88106980100010;"FR58881069801 "
"FASTCARROSSERIE";"FAST CARROSSSERIE";88519435700012;"FR18885194357 "
"CELESTE";"GARAGE CELESTE DU BOULEVARD";40252451600018;"FR93402524516 "
"DETAILINGPERFORMA";"DETAILING PERFORMANCE";82425720800010;"FR09824257208 "
"FALCON";"CARROSSERIE FALCON";44236576300030;"FR46442365763 "
"PRO";"CARROSSERIE PRO";83436441600018;"FR15834364416 "
"ARDOINES";"GARAGE DES ARDOINES";56207519200012;"FR92562075192"
"FRANCKAUTOPLUS";"FRANCK AUTO PLUS";89531927500015;"FR95895319275 "
"TENITRI";"GARAGE TENITRI";40500919200015;"FR59405009192  "
